ds,yhat,yhat_lower,yhat_upper
2023-01-23,14.338980142855355,-304.19271462989917,336.3424130007541
2023-01-24,31.682796441701,-295.5926623987019,355.88544512252093
2023-02-13,-45.94308220752841,-338.99717427857314,309.35590280916995
2023-02-15,-50.317141278241245,-368.28386394827106,281.3686476261665
2023-02-19,-5.814725565907416,-308.0876639992291,319.46551089972706
2023-02-26,47.15802952784928,-267.44163710355724,372.91027703910487
2023-02-27,32.45749062316656,-315.39426793356506,371.33535184428155
2023-03-04,69.20738211543119,-260.1327178969424,391.7896440551702
2023-03-06,89.33239668736866,-213.60137268632442,437.5835671982243
2023-03-10,94.82762610589346,-238.82874618655026,427.5532161597737
2023-03-14,130.56150495460275,-213.92748741214805,462.2186659336902
2023-03-15,105.55886348177404,-237.74267503243775,458.61820430400525
2023-03-16,151.4278524168402,-188.46833913892488,469.26126731826736
2023-03-18,99.48213623603674,-202.42364982763715,453.2742064980532
2023-03-19,126.43364843957863,-191.32163422903227,440.7495776067672
2023-03-21,113.99368336084552,-190.36920127571275,444.046293744186
2023-03-26,105.02082928609005,-229.27441786400138,430.1113956697217
2023-03-28,96.11345253365788,-254.88746769100007,436.5491058108739
2023-03-29,71.34015340037689,-270.4166198323695,403.0907658911797
2023-03-30,118.79417803344546,-220.90269393426937,438.8147872650061
2023-03-31,65.36487465681176,-252.802632177539,385.65267965732846
2023-04-01,73.7890062977048,-259.7622693131182,409.85593116465583
2023-04-02,105.87550234084657,-210.55181669971435,431.11196368452374
2023-04-03,84.96721467106849,-245.4354667661919,421.2254420193123
2023-04-04,106.2956146182325,-212.6249966979578,442.16228483578186
2023-04-05,86.10510025853532,-243.15822209689767,431.4469225011242
2023-04-07,88.5404301080621,-221.67782976181002,420.11456237238394
2023-04-09,135.7451200881996,-170.72490579193675,460.3318519936224
2023-04-10,117.31576413946964,-228.25066766798966,431.74932764594047
2023-04-11,140.45329863194942,-195.74043309516796,459.60390870897874
2023-04-12,121.35483626873508,-194.38988296595463,440.7552818195393
2023-04-14,123.72609219626557,-197.17039596560554,451.80072866736225
2023-04-15,134.6031321631127,-220.76878347979314,458.77595567779787
2023-04-16,167.8985525199383,-157.73361810254707,498.3734603190606
2023-04-17,146.92171502302452,-187.6193331269236,467.88059254115814
2023-04-19,144.11872834880077,-183.62725957568853,464.31395814228705
2023-04-21,137.90784347906867,-189.04785214769953,449.1739048884031
2023-04-24,146.85444354079743,-174.30514298518736,499.6223901537172
2023-04-27,178.98797644322624,-154.56178428227832,507.5653593058957
2023-04-28,121.1240350401682,-198.85870255688693,472.0129772158261
2023-05-02,136.91611514806146,-190.69571188041942,489.07293352494503
2023-05-03,109.31479210501806,-204.18636278023405,426.09344294549715
2023-05-07,129.75820625735966,-175.92219405577293,445.5986147558574
2023-05-08,104.95078055808759,-213.32704587240707,442.7067365216753
2023-05-09,122.36610867603798,-203.05050351916563,453.5682042581881
2023-05-10,98.3166960320591,-223.28895641926988,425.160938759711
2023-05-11,146.40039822233052,-194.9868169549211,475.6251014466085
2023-05-13,102.16767925949637,-225.57823771227723,414.1660088214935
2023-05-14,134.30471014535834,-163.7967177912479,453.706814211835
2023-05-15,113.17126618526399,-218.56334037359537,412.79252193965357
2023-05-16,133.9691945329293,-176.08794798221717,445.11913771640013
2023-05-17,112.92220065723384,-221.03591042939124,447.15970694051816
2023-05-19,112.63440994908768,-213.2329438569555,451.05132852204355
2023-05-20,122.81307170610603,-196.98996755407774,454.63993882063335
2023-05-21,155.82632923526592,-181.5214475539003,493.80285344418996
2023-05-22,134.97164930093376,-205.92198892479337,449.39764152617886
2023-05-24,133.55059157016086,-190.6937531795287,458.49144167325784
2023-05-25,182.80717818209635,-120.25436644000933,507.48231098106453
2023-05-26,130.07213384201322,-225.72627802580374,472.7256135593886
2023-05-28,168.62526806613164,-152.23505926206522,481.84230758432074
2023-05-29,145.14262700310954,-202.12125196816712,493.8541599453653
2023-05-30,162.941438135889,-161.74977923012824,492.8682694415002
2023-05-31,138.38720443438947,-209.28437637556905,461.6173957191494
2023-06-01,185.16157144876453,-162.5438067106915,503.65904689366874
2023-06-02,130.21401978443373,-184.57337286257467,477.43262473946766
2023-06-04,165.55118004120368,-154.4100183674407,500.32009650691595
2023-06-05,141.2375206448196,-178.670626671172,462.3024059913986
2023-06-10,138.07748348400165,-191.01874566335337,461.7269928009027
2023-06-11,170.37647311968558,-177.30478228202105,482.76560507923926
2023-06-12,149.76064722958876,-178.6738917574575,488.1104777300873
2023-06-16,156.76280719670345,-157.97120589742414,475.88923851680215
2023-06-17,170.51871026231373,-164.01206567496857,531.79885849439
2023-06-18,207.838942842355,-103.07890573917444,537.4843198724817
2023-06-20,218.17897904018122,-97.22135164108676,575.1847449478478
2023-06-21,202.54894779073445,-105.25603074142222,536.0196231576916
2023-06-22,258.5853511892101,-60.74800873063942,571.3529037955457
2023-06-25,266.42367573613546,-45.35398665010678,597.1542531065211
2023-06-26,250.31230407636446,-81.68513109960583,595.8405355888037
2023-06-27,275.2008612584187,-70.55263459155474,569.4847638693165
2023-06-28,257.26656652124393,-86.41656685635019,601.9006659629042
2023-06-30,260.17762831806783,-88.37063344483552,609.5556855247095
2023-07-01,270.4436994662175,-42.88417256811977,603.9249780182605
2023-07-02,302.5685784151186,-25.12258897007541,638.6737635905215
2023-07-03,279.89638748937585,-64.71082867723779,606.2635606934433
2023-07-04,297.70320119898474,-31.57287619571255,621.0824876675784
2023-07-05,272.3206535546069,-56.887499198935444,622.3480596755177
2023-07-08,262.65825702656565,-89.54872861692833,584.9858272499184
2023-07-09,287.5963652500583,-38.0438163416541,623.3287355942253
2023-07-10,258.2419642787418,-85.8721974195242,574.8182811901042
2023-07-11,270.03370996607,-70.00318964895763,576.8255494391783
2023-07-12,239.45146188762595,-84.55969380936335,564.1646194981349
2023-07-13,280.285491600084,-34.735440914414234,617.4252519545752
2023-07-14,219.58567549447324,-98.69590707360724,556.2762398471722
2023-07-15,220.26700457839658,-139.03278640554925,503.90392070233037
2023-07-16,244.3297254378982,-69.31743578674528,567.4522884346039
2023-07-17,215.31611468362712,-120.40865043336606,537.1905973518204
2023-07-19,200.80549779720118,-109.65980659470748,534.9984039063643
2023-07-20,245.47724221886665,-81.72464144330085,585.0111019660649
2023-07-21,189.63050243396032,-157.61013668916397,527.9764286904632
2023-07-22,196.05884031770603,-126.14925140356408,520.7522668919521
2023-07-23,226.61723605769456,-87.66575151490993,582.0487738286014
2023-07-24,204.68228627698673,-141.77874254780428,522.3283080919628
2023-07-25,225.50574117679685,-101.0402167918175,560.3569398295832
2023-07-26,205.33801940088202,-110.64155815700107,543.3991183957497
2023-07-27,257.7028539030944,-108.33324735458649,569.0722550044226
2023-07-29,222.8828556272311,-98.51622877650479,565.1461641640933
2023-07-30,259.95709894510196,-88.39623903775157,564.1409324300766
2023-07-31,243.7755204202357,-98.79689587811255,567.9903000366857
2023-08-01,269.43151928057495,-61.19768658714315,597.9219818096076
2023-08-02,253.03986964933677,-80.81524786766005,569.0496145927484
2023-08-03,308.0151175561168,-13.32985046292017,643.1173470248261
2023-08-04,261.03034398389593,-48.32112315234267,575.64863162122
2023-08-06,310.47154546797645,-21.924203592525057,622.6671395112965
2023-08-07,291.767637008642,-32.93430231753923,622.6868099229671
2023-08-08,313.6680290043562,-7.9830353059050045,653.618780964708
2023-08-09,292.3744200618275,-35.13858506393705,597.4464739863411
2023-08-10,341.41930665593344,-2.3649998975159585,673.6813630622651
2023-08-11,287.6219989820041,-51.54956992169277,612.4591032900272
2023-08-12,293.70041936213863,-45.53304762057412,626.5860082800382
2023-08-13,321.496389926085,3.0811356035266777,649.0687317338495
2023-08-14,294.43714360519266,-39.35187769637697,615.6478043326416
2023-08-15,307.88811683730285,-23.247084429508597,635.1634883225792
2023-08-16,278.2741699136233,-60.57613011382069,607.0847922503589
2023-08-17,319.3503428954152,-13.370393396312293,657.3744032958834
2023-08-19,257.6014756983631,-61.89342443646871,586.3948863494279
2023-08-21,248.120473904778,-74.70403038105151,558.0755785480028
2023-08-22,258.2845783122905,-64.18411860158837,561.4845315654926
2023-08-23,226.7510081613202,-86.41699884320417,531.7481508280898
2023-08-24,267.34779175518185,-67.25444255353254,570.576428070357
2023-08-26,209.0713601985113,-117.25954931835422,545.7547738620246
2023-08-27,235.11020840582913,-111.47506357035348,571.0094857712771
2023-08-28,208.78007799974597,-100.53991614188757,552.7107470784952
2023-08-29,225.4727009992738,-81.52661527777433,557.401815227946
2023-08-30,201.57518706563772,-101.19065362063783,512.6313351644311
2023-08-31,250.74096696783798,-51.613658044910714,587.3119337123882
2023-09-03,247.70046405656026,-91.61407032082708,575.9167891535138
2023-09-04,231.47869859668685,-100.4350644012179,555.0508741048938
2023-09-05,258.0522588156363,-78.99561889955373,584.2458041793245
2023-09-06,243.55719163906969,-76.9955539938601,576.3228427433784
2023-09-07,301.4047576203073,-5.281488092404163,658.3379627730135
2023-09-08,258.2388445730573,-65.07416916856307,580.0393650856615
2023-09-09,276.551149135098,-25.765485171762762,614.9963012016743
2023-09-11,305.4351449964059,-34.17426359252852,632.0529640127542
2023-09-12,334.14258311423276,13.658136648364945,671.9054926698811
2023-09-13,320.08885279306094,-17.787375354337332,656.6524025813026
2023-09-14,376.6429154050467,9.529955593760532,687.8379571364801
2023-09-15,330.4471180578405,-3.098503550564125,652.6687089415253
2023-09-16,344.03273963109143,56.047145623204734,665.3029239407754
2023-09-17,379.0496937721007,35.975819648759405,706.949696439386
2023-09-18,358.7321499000973,31.49462656386591,679.9577990808044
2023-09-19,378.2559120740185,57.38851815076003,697.2640529798241
2023-09-20,353.8641580299656,35.541232362478574,687.479140907064
2023-09-22,340.9741354701237,21.099004333129233,671.743419155748
2023-09-23,342.1485740516176,7.5412826688965815,662.7378666859412
2023-09-24,364.58665531726604,28.21695417967551,700.5248484787525
2023-09-25,331.79924481289316,26.787071410646448,686.6321122828575
2023-09-26,339.2383106293584,20.669032235659845,674.376725918594
2023-09-27,303.41799278078355,-21.603814300153626,665.8563905030478
2023-09-28,338.17824753767593,23.751821733917527,677.2624625970753
2023-09-30,263.8012257129501,-63.18662981067617,584.3277595044871
2023-10-02,242.20169722552984,-89.38263547586662,579.3182875520735
2023-10-03,246.66233321985334,-85.50281212649028,572.2766046468346
2023-10-04,209.73483288992816,-103.90914711472219,526.257483993692
2023-10-05,245.29091312139718,-92.77430491728472,580.2330159874617
2023-10-06,180.43806628018024,-143.5667576627144,520.4769052188943
2023-10-07,178.12440608959002,-176.48276553494964,514.0968763541725
2023-10-08,200.35877583312015,-122.07992197513823,529.1400743167316
2023-10-09,170.6681054929367,-154.74472236474801,490.24187659707553
2023-10-10,184.44805086366267,-138.47666619574989,513.8130000630271
2023-10-12,205.2213656835724,-135.41302637582265,522.4116746058627
2023-10-13,152.72196391236488,-162.73668658763808,455.4977772724586
2023-10-14,163.2712648717647,-160.48382069427865,466.4617507236652
2023-10-15,198.6061339567231,-137.37223525484146,498.1427455045796
2023-10-16,181.97804327950513,-131.31592601760258,505.4875559960269
2023-10-17,208.5099280966706,-119.6766892853384,544.2253420029516
2023-10-18,194.3229740889013,-152.85620633914064,515.0479479081831
2023-10-19,252.81975454420106,-71.45084054363862,582.9373255311434
2023-10-20,210.62674738177054,-109.14286047746157,560.8330774429944
2023-10-21,230.2258781319378,-125.87178573143203,558.4192958506817
2023-10-22,273.17961237826773,-45.12906362786792,600.529617020451
2023-10-23,262.598119131133,-57.10380640436289,579.8516240304006
2023-10-24,293.4989608053252,-22.453642820422978,604.9896164359133
2023-10-25,281.93586557707613,-38.45479351818301,638.4282883574886
2023-10-26,341.2776104429642,-2.2443904009281845,660.5448411379654
2023-10-27,298.1668026300679,-23.314553637011095,657.207403282255
2023-10-28,315.1346667752018,-21.95827017390537,656.6044014238711
2023-10-29,353.8299340384798,4.709422001065219,655.9391090113683
2023-10-30,337.48362944758964,33.13621583570361,683.4013657118769
2023-10-31,361.26563363336334,21.754687402350957,700.6185262310535
2023-11-01,341.4096573974511,10.312968446596683,655.4115044081778
2023-11-02,391.48775453225534,67.96468844853088,729.3832111543794
2023-11-03,338.3642695469966,16.175075947968367,665.9852755083616
2023-11-04,344.80544581160285,37.31533517894928,686.9546191040026
2023-11-05,372.7029145204831,55.322857014604395,690.8945942330132
2023-11-06,345.53298806390836,21.03395801043068,673.7282185477627
2023-11-07,358.70776125999555,9.208817381285236,693.8876698649764
2023-11-08,328.706809975961,-25.219716341586192,646.7012123187715
2023-11-09,369.31059665630954,40.75402287860435,702.0354090122502
2023-11-10,307.5858575673453,-34.513047774835464,617.8864169593481
2023-11-11,306.4790274725504,-11.244162368150295,646.0585057200169
2023-11-12,328.03614186061645,-5.993680221809918,646.7678277119273
2023-11-13,295.8591840624163,-59.4682328181545,624.348204292932
2023-11-14,305.4549350295203,-35.052396812270906,627.9866133725686
2023-11-15,273.3531255954423,-65.20551974786068,602.224685971277
2023-11-16,313.3751544066941,-9.155389937137945,657.3152749481811
2023-11-17,252.58337956689087,-68.68745854892634,593.8437529975699
2023-11-18,253.88729247582737,-91.61447461310274,565.6652117656574
2023-11-19,279.26484745255595,-37.84603237128085,620.4049545602378
2023-11-20,252.220893574365,-71.20687264645234,575.9743894412086
2023-11-21,268.1387047834822,-65.81667705574245,609.5767804546159
2023-11-22,243.40133420865004,-60.730232126252844,575.4470718632417
2023-11-23,291.6639718649268,-36.12735240099673,602.8521678779538
2023-11-24,239.80722185638137,-97.83987457476508,565.6626591047175
2023-11-25,250.54751007600237,-80.20554201185676,566.0056598329893
2023-11-26,285.6627953701723,-50.48191041028748,601.5632865378435
2023-11-27,268.5271383381147,-77.500657446504,604.662313974708
2023-11-28,294.25147873149103,-73.92574095612581,617.3888542007586
2023-11-29,279.0243424558253,-32.12767113260427,630.5088557457046
2023-12-01,292.83779349097415,-52.56805421824495,613.855623239071
2023-12-02,311.1510496004373,-3.3735121738520526,639.6223650600476
2023-12-03,352.9003773723563,11.367449449718423,662.2358561239238
2023-12-04,341.2764593677757,21.395061776166603,646.131926618101
2023-12-05,371.37420843249595,59.27882234343153,702.7063771513859
2023-12-06,359.31955945726344,19.749057230277398,681.1873143121218
2023-12-07,418.54645232652655,90.428001669097,741.391614537851
2023-12-08,375.7538434278914,53.453811308155814,721.7024970071207
2023-12-09,393.5189001242619,68.72458779275048,707.4299531443227
2023-12-10,433.52451730408114,120.68174671994814,758.8770381017234
2023-12-11,419.0229900293849,71.02822055246514,761.2094537956535
2023-12-12,445.19174989450437,93.9722316416139,782.9555413147745
2023-12-13,428.25782781793237,112.6675158986845,753.9940855135228
2023-12-14,481.77218511733554,140.68481904378132,818.4215647664709
2023-12-16,443.3498578303564,130.6119578783449,765.242638749914
2023-12-17,475.9598864767313,138.8470411784839,790.4870969630749
2023-12-18,453.79635952323486,125.18464229212137,780.1829446269803
2023-12-19,472.22329471178466,139.07863734649766,790.1168616320905
2023-12-20,447.5791175616581,94.28494588062185,779.1556920018996
2023-12-21,493.55653151423707,169.88462642389806,839.7517448638529
2023-12-22,437.11771397335406,115.31135647582194,747.8588442200308
2023-12-23,441.10194369466785,129.34974207609753,757.4770548708776
2023-12-24,467.447747703403,146.28218982362353,805.4190483258081
2023-12-25,439.6515086479645,97.67071587237307,755.4756100063361
2023-12-26,453.1185368819727,132.57446701167285,790.7306783024115
2023-12-27,424.2833548338282,87.20786828832134,754.0603052088969
2023-12-28,466.880407137381,121.65050910737563,815.1886447901263
2023-12-29,407.89515869499246,96.92753002856861,745.2296198932521
2023-12-30,410.17184827616575,91.76453940734825,730.4446031520798
2023-12-31,435.636136381779,122.87150000839826,743.4776118433849
2024-01-01,407.7545658104434,75.74606086697187,730.0006180826354
2024-01-02,421.8868105174485,87.88735951172904,743.2147541991178
2024-01-03,394.40742620599207,56.31289259388796,724.3747153274311
2024-01-04,438.9782775205381,90.18562482462107,773.3157497794368
2024-01-05,382.501561862046,71.29256231790445,716.2602186647518
2024-01-06,387.7296526996309,66.24693664853655,718.2625320513762
2024-01-07,416.5450846994059,89.53487983888782,743.0239410655048
2024-01-08,392.2569024833646,72.69664029921431,716.5037129056398
2024-01-09,410.12060107183,86.93334058988205,754.7514045930848
2024-01-10,386.4070265466221,72.76091574785899,726.1210931127738
2024-01-11,434.67701761105434,90.02663537669903,757.1402481187979
2024-01-12,381.73653692352485,44.02755871041944,714.1402782925647
2024-01-13,390.2484770665669,84.75186404537682,700.1440168751943
2024-01-14,421.9592992816076,92.74072609834137,719.6884298406535
2024-01-15,400.16234633020173,61.770028510535454,729.9458244457314
2024-01-16,420.0537327961928,116.36414943709835,748.6541116981874
2024-01-17,397.8574599064276,52.61240266659967,733.3200212892302
2024-01-18,447.1008702604474,134.2141219810816,788.5891846296931
2024-01-19,394.57031070901326,51.271091993054426,687.6287676647203
2024-01-20,402.9231828247698,82.34643319292806,734.1424007139001
2024-01-21,433.91453876745163,107.91618155704917,777.8377820515723
2024-01-22,410.860068558981,73.80033163849637,727.1169991800859
2024-01-23,428.99139154242306,82.1568343325042,754.8109565040394
2024-01-24,404.58031312759806,48.58169383997702,729.8479107755911
2024-01-25,451.2131805429609,102.1408464473909,759.2658988111764
2024-01-26,395.745228110168,82.64107558662825,714.8942509950816
2024-01-27,400.941809507,103.20990746111664,731.2049382213063
2024-01-28,428.6112431156073,90.7092907987643,759.5583862932699
2024-01-29,402.1580697334929,72.56924177383148,743.712961850256
2024-01-30,416.9057479360093,84.20235037065042,740.7237328558782
2024-01-31,389.21894467969656,39.04080838092736,741.9688659092591
2024-02-01,432.77589963420735,115.27217737138922,762.1515990269376
2024-02-02,374.5207913099753,63.11806245531449,702.3744065183713
2024-02-03,377.2723478731053,53.76097327615884,723.5587122667525
2024-02-04,402.94692651492954,60.26982798353065,719.0361073137836
2024-02-05,375.0179750069086,24.58365901405191,705.6890890389587
2024-02-06,388.8678562841119,68.1141805776887,709.3993187474459
2024-02-07,360.9087645839298,-12.705462883501975,676.2064021514288
2024-02-08,404.8539324680538,83.45904481309843,732.4144446183976
2024-02-09,347.6690819480028,6.698395031019787,696.3521959988645
2024-02-10,352.180383672194,23.371235771824196,684.2546787123279
2024-02-11,380.29716454286256,43.15579874663028,753.1556464513698
2024-02-13,373.04920022249024,42.99946278656945,711.6203696358265
2024-02-15,398.1542250566126,82.27607711090845,736.0731312158014
2024-02-16,346.22286315269395,30.5511137267631,655.0439401056834
2024-02-17,356.39005234292057,22.206296751557954,678.8902252415843
2024-02-18,390.4210371126404,75.91883730213672,728.5359614324539
2024-02-19,371.66629507217175,61.415143860763074,709.5267376328438
2024-02-20,395.36570581459125,81.47136894022155,734.7276519503359
2024-02-21,377.772112850045,64.31836749039653,722.4348839278679
2024-02-22,432.42556936715704,112.3671483880953,778.8091178126551
2024-02-23,386.10816484518614,33.82526839139782,719.2247637744543
2024-02-24,401.4556321012439,76.03278313673258,733.5848096562073
2024-02-25,440.1839036619341,108.53223924522958,769.0774268365684
2024-02-26,425.5524652906589,94.0564809295302,747.4735407896849
2024-02-27,452.7204119918417,106.82777511211314,765.8354062446884
2024-02-28,437.8718510902624,102.56425250340902,760.7927579498061
2024-02-29,494.49176093605996,143.09343060477755,798.9002968346355
2024-03-01,449.322162542885,112.15058034343022,777.5061650357588
2024-03-02,464.97476898664445,138.9902820489013,801.8654336787014
2024-03-03,503.15825259156185,172.0241305955399,842.2875000054181
2024-03-04,487.1419556107337,168.69362910922226,808.816654210754
2024-03-05,512.1119350378204,184.57179238254452,831.4069361828974
2024-03-06,494.2959794596174,171.44923523508177,850.793116788133
2024-03-07,547.2387081968443,255.80261595390965,891.1401312335904
2024-03-08,497.8176695957761,189.79557791141644,818.4348732824608
2024-03-09,508.67137573737716,190.55226751934447,855.623198648592
2024-03-10,541.6079336191372,204.97183762810047,862.1529303092261
2024-03-11,520.0056408545418,170.17892376930135,852.0861142060988
2024-03-12,539.1667253940508,197.81857947826268,835.1039823457091
2024-03-13,515.4398668516736,185.35270199820127,860.7765022221273
2024-03-14,562.4926641025386,238.9576733409124,897.9774817444185
2024-03-15,507.26397545460617,172.49880249203085,811.003883369984
2024-03-16,512.572376770864,185.82761319605035,835.2852396199082
2024-03-17,540.3389680362203,214.65924080126837,862.3563907498125
2024-03-18,514.0464525379113,191.03694181004983,856.428976488577
2024-03-19,529.0904835741775,158.0048707689114,844.4848581497553
2024-03-20,501.9000243213607,173.9376825104035,819.8225681513579
2024-03-21,546.2079397537365,238.37644095005476,879.0048368064589
2024-03-22,489.0017951545912,135.41153339453905,812.5197662667628
2024-03-23,493.131147535637,175.03515090091093,833.430516876971
2024-03-24,520.5295929365234,187.50856873996088,846.6419625121348
2024-03-25,494.6735168218168,155.26044106803977,831.5172982377272
2024-03-26,510.93355534347256,174.9006212656311,850.1681914563654
2024-03-27,485.7521223244665,159.4688479539223,811.98348262622
2024-03-28,532.7451767494952,182.63156870359995,882.0895730172499
2024-03-29,478.8242562251271,160.37668823880247,815.9689040168703
2024-03-30,486.7489617692927,150.44616514977685,799.8079520248893
2024-03-31,518.3511518802692,169.31117898008776,828.8869593272163
2024-04-01,496.99613651636355,171.70539037746522,846.4478369668595
2024-04-02,517.9368211989828,170.73496878639557,823.6509848205584
2024-04-03,497.43748474662016,177.49173577977132,843.2243511687466
2024-04-04,549.0483312879774,215.90828305348228,860.4732874177882
2024-04-05,499.5606984576511,187.1224499862364,817.122557701088
2024-04-06,511.61910319021854,190.06408570464208,843.4963456811101
2024-04-07,546.9482734055438,213.6346700471459,879.3655338538591
2024-04-08,528.8169911138505,192.81085626344293,859.7521005105509
2024-04-09,552.3946290348533,213.8612100894821,885.2327218006376
2024-04-10,533.8770020019218,195.15557059657493,854.7609085957107
2024-04-11,586.7626191330277,224.8241111205345,921.438795737679
2024-04-12,537.8091730833589,223.34925776519964,872.6444814185493
2024-04-13,549.6464126017562,216.18738822776024,861.4922763273665
2024-04-14,584.0035229152165,267.5430476539636,908.7696471050592
2024-04-15,564.1728278941611,227.17628264012782,887.6080638377085
2024-04-16,585.4010612473037,256.88516922098296,929.4460787975469
2024-04-17,563.9080213000854,228.8107980270157,866.5277907458953
2024-04-18,613.2673627017194,269.1321817440578,949.1726812494852
2024-04-19,560.3257586194445,238.40161480616766,900.6456182928118
2024-04-20,567.8134495227453,248.0017473598651,906.3511951345027
2024-04-21,597.568998223352,265.3872361883517,922.4767433084124
2024-04-22,573.0001327642042,254.63215959884784,896.9351729273036
2024-04-23,589.4366346462673,256.4884566714299,918.914180642707
2024-04-24,563.2519865681656,259.0326134349406,898.2054832731513
2024-04-26,551.0411960342984,229.99399517335834,875.1213510380488
2024-04-27,554.8007662615071,243.09257112868423,888.8722905760659
2024-04-28,581.3404567379731,255.72318864724315,918.2524128608175
2024-04-29,554.1422449925486,221.32614042703142,888.8346353608009
2024-04-30,568.5942799594691,239.6983947918466,899.1754274528676
2024-05-01,541.111035720315,214.61524619189007,862.0088835683215
2024-05-02,585.4038889137477,274.4038273773499,951.5442558012127
2024-05-03,528.4321062494387,164.5143414654309,847.2937706523924
2024-05-04,533.0105344750468,223.25606134122543,853.2530282132501
2024-05-05,561.0322555366744,248.8412177291673,873.666756019383
2024-05-06,535.9335775790648,223.56781726145303,866.6223132231635
2024-05-07,553.0302054286311,221.48762572688054,888.9200013422234
2024-05-08,528.6556204592324,200.8256431465075,855.4484882081731
2024-05-09,576.4285525826946,270.5009561200563,933.3206640664995
2024-05-10,523.2066190126646,179.65765111253947,850.8857472808658
2024-05-11,531.6969198752192,181.60559326255665,858.4599939052824
2024-05-12,563.6817737680678,228.74619798879,885.6159949667096
2024-05-13,542.481448698228,243.3565069052306,888.3511669099147
2024-05-14,563.3097947554594,243.95845461467252,897.6030877283637
2024-05-15,542.399417828867,191.49975453250903,881.1943658152691
2024-05-16,593.277491756316,294.1031991068048,923.8777423743879
2024-05-17,542.7220497654788,206.21157400553017,885.2018558166255
2024-05-18,553.3748990701174,200.4744748068471,871.6104525768836
2024-05-19,586.9692740328759,258.257314960087,908.4021656074673
2024-05-20,566.7940263121611,215.00223833118082,901.1576043399323
2024-05-21,588.0502136783794,251.69220309015859,902.8236715339699
2024-05-22,566.9766958653908,246.57359326242832,910.3691770036387
2024-05-23,617.1258186043823,290.04127420924794,930.0910343789872
2024-05-24,565.3190257714575,240.27995760217436,900.6970009463804
2024-05-25,574.2585580673701,246.7034011110665,910.7071455155427
2024-05-26,605.7565033923341,299.337704962664,946.8283213316132
2024-05-27,583.1874418774132,260.6533631970438,897.9778005017196
2024-05-28,601.8518046807256,266.6686586202864,932.347611143934
2024-05-29,578.0954251235121,242.01231050312188,949.1619652744886
2024-05-30,625.5820430947219,271.38606905118394,956.9550339111023
2024-05-31,571.2455707249885,233.251455883274,878.5741671231375
2024-06-01,577.8983714429097,256.00331566205983,907.8111886337873
2024-06-02,607.4537944277413,281.4179965299057,926.2857657488487
2024-06-03,583.3849044785386,244.44315918399158,915.5255418955669
2024-06-04,601.0754217907752,285.90078314132086,938.8337887358537
2024-06-05,576.9396398566954,267.1863166867844,903.8270162991374
2024-06-06,624.692565138503,310.19360032691833,961.239560719416
2024-06-07,571.3002790881815,248.45646519989646,898.5873442127678
2024-06-08,579.5868351894514,270.81487820282734,912.0028540706124
2024-06-09,611.45597972254,269.06077927989827,945.1516378025924
2024-06-10,590.3496676083369,253.2820904301998,906.104002757757
2024-06-11,611.599402760347,286.12474789475124,945.1156164265916
2024-06-12,591.5471690902996,255.45479724257532,913.8129120678586
2024-06-13,643.817176576613,301.5583815647281,972.8483740061823
2024-06-14,595.2683881488308,256.87143004428293,903.2742738194058
2024-06-15,608.6040817189972,300.0244637162455,951.4522318657185
2024-06-16,645.596681637888,313.3438876461878,989.9386056223775
2024-06-17,629.5497384451035,302.7601072899387,948.730171003947
2024-06-18,655.6530015120107,329.18737016506117,996.293055129457
2024-06-19,640.1072497147503,320.0957472809876,976.1761556130361
2024-06-20,696.3999987795404,348.5038857372078,1021.5023561195217
2024-06-21,651.2619408402672,336.55730204554135,981.9212988692167
2024-06-22,667.2802676086759,360.7193330787495,1001.7130055169135
2024-06-23,706.1269925758753,361.7246954981079,1012.9123109674895
2024-06-24,691.0240629716754,370.3545040272283,1020.9700501137389
2024-06-25,717.1011078049416,382.0981354600602,1035.350437213429
2024-06-26,700.5224075805737,378.27797700285896,1023.0542832561105
2024-06-27,754.7641371142902,416.7907089979577,1060.9354137824798
2024-06-28,706.5716853731824,385.65022318740745,1040.3334664744998
2024-06-29,718.5731693222493,382.35787262465385,1035.7547469133663
2024-06-30,752.5072411416982,406.1646819887587,1067.4527266654798
2024-07-01,731.6869824867226,411.78293101853615,1061.354714946207
2024-07-02,751.3557542494932,406.10634863496887,1101.3461598722522
2024-07-03,727.8116283311701,392.0656149121833,1054.3180086913117
2024-07-04,774.6815117377895,445.82981651024863,1120.6463353146119
2024-07-05,718.8748420049533,380.84909632585317,1034.4937832697592
2024-07-06,723.1930615291195,407.67541422199434,1050.877068685624
2024-07-07,749.5530720467673,414.05320779948744,1055.8653267310885
2024-07-08,721.4465754422455,360.7761046520556,1047.5050354565049
2024-07-09,734.2912883578887,409.980836522189,1065.3836496983747
2024-07-10,704.5507799137266,369.7244037202957,1022.4418495526756
2024-07-11,746.0041660347578,422.78102291447004,1084.5849482972017
2024-07-12,685.6956600354514,352.7757087909658,1015.21498479514
2024-07-13,686.5403007010491,350.8284318530023,1024.240693402886
2024-07-14,710.544164600561,381.5993567420501,1028.5884555187638
2024-07-15,681.2610612585869,353.38185280071525,1012.6658596403267
2024-07-16,694.1417766039867,378.24953686096745,1021.7998438097424
2024-07-17,665.6526748253865,339.17413947798235,1009.3315940733618
2024-07-18,709.5449340501445,374.5795584270833,1021.5510581973119
2024-07-19,652.8044372207385,326.8584356392882,995.8891754096626
2024-07-20,658.2586401248371,312.5657216874962,974.1444896098905
2024-07-21,687.7987028044479,345.1557264420821,1002.1193878279677
2024-07-22,664.8388415527934,313.35710650040056,998.0637806575415
2024-07-23,684.6689055779368,333.8288058976247,996.4941359485638
2024-07-24,663.5769081352508,337.39300099027844,1007.1868139535411
2024-07-25,715.1226916178672,382.6333601752684,1021.9467645706626
2024-07-26,666.0926364940347,336.21722503555554,996.5669024302505
2024-07-27,679.1116141618063,351.00512417113043,991.2838966015048
2024-07-28,715.8703393869106,392.5612460363041,1068.4950679813699
2024-07-29,699.5899441523385,383.2476521466786,1050.9018054688297
2024-07-30,725.3796401941725,399.90689060178113,1046.973806593382
2024-07-31,709.3640658776554,376.4912348572028,1036.8019202418309
2024-08-01,764.9613675674053,431.7680816095981,1110.6305109141904
2024-08-02,718.8418066509022,414.1685718523114,1046.042235030762
2024-08-03,733.5429850413472,403.0288968458155,1036.4236575276545
2024-08-04,770.6997533961498,428.6492714787998,1107.551797473453
2024-08-05,753.5105503174403,435.68161624715805,1091.21227107069
2024-08-06,777.0959862723951,453.063063014996,1096.398125407279
2024-08-07,757.6262359314753,440.44515350907096,1075.8697281260006
2024-08-08,808.5982797059506,489.97287719584,1142.4569460320645
2024-08-09,756.7927992816207,438.31249822891937,1101.7148376061286
2024-08-10,764.886856426427,431.4316248249197,1088.2452041629049
2024-08-11,794.6804777914328,454.665001295849,1120.9836022146212
2024-08-12,769.5589730682757,428.39434232027725,1099.389194949003
2024-08-13,784.8468983957982,467.37834329066106,1124.3712882544357
2024-08-14,756.9303423758777,437.2997503259063,1098.5945601238298
2024-08-15,799.5287036848334,485.15603647680484,1130.064259716001
2024-08-16,739.6459026758439,388.50917569503736,1068.642277460211
2024-08-17,740.1773008876472,388.33183469124543,1052.4016285397263
2024-08-18,763.1305987482002,432.02249080708543,1114.417400775174
2024-08-19,732.08268563917,426.07883309031644,1051.2782647302995
2024-08-20,742.5284960714043,398.23128207385497,1076.0602203657697
2024-08-21,710.998683671961,375.2613036241924,1047.834761884121
2024-08-22,751.3274033917943,427.36212128495504,1088.4956003718871
2024-08-23,690.6002515215797,385.594061794558,1023.8281582404844
2024-08-24,691.7587264136725,336.7485648283621,1030.991411211873
2024-08-25,716.8195489723327,396.27854124851723,1070.4537896031072
2024-08-26,689.3308637152442,341.6811040566764,993.1656624349773
2024-08-27,704.721397360477,399.84069226069397,1014.8735148349905
2024-08-28,679.4193857030451,354.87612396106044,999.4519617177482
2024-08-29,727.1225340341995,388.41616975776697,1056.123207003735
2024-08-30,674.7490118657845,355.4187998203578,1009.7978395764691
2024-08-31,685.0457733277569,347.16917041403224,1020.353739272665
2024-09-01,719.8124510822437,372.9641578661458,1059.7152115715073
2024-09-02,702.3627321180285,379.1926506595918,1020.2367558462462
2024-09-03,727.8791678165029,396.1985565515856,1062.2901234794433
2024-09-04,712.5380892025644,374.6895014036173,1045.1743727736837
2024-09-05,769.785744784199,452.0649397226235,1102.2904069609287
2024-09-06,726.2955083723417,405.56193483692715,1044.1670090667753
2024-09-07,744.5822935877135,401.6290684864769,1086.313788805105
2024-09-08,786.2322696044284,460.3298538590729,1127.9520786481412
2024-09-09,774.3696422283316,437.593271596049,1083.4765121378498
2024-09-10,804.016314828025,501.4169182943865,1136.556934704684
2024-09-11,791.2209783403214,473.1283443539541,1128.490296271687
2024-09-12,849.3386415494124,514.3062942687251,1156.2112010850115
2024-09-13,804.9903622669398,485.44643605341025,1136.5254636451705
2024-09-14,820.6792508143755,500.3545149476831,1108.9986962111593
2024-09-15,858.0207981583849,527.929905463196,1164.5973473640795
2024-09-16,840.209274779211,510.56911798417576,1158.9239739862046
2024-09-17,862.376021396895,512.3399835005434,1184.9268928944105
2024-09-18,840.7162118347171,493.7641773437258,1158.608755566416
2024-09-19,888.7651539595012,558.200168988764,1233.907260800621
2024-09-20,833.3539663341854,511.5379629353695,1168.2690150615404
2024-09-21,837.2207993462638,518.1070975379163,1162.6146202371515
2024-09-22,862.2357684022521,529.4962203467384,1211.9126038605036
2024-09-23,831.8614755105511,472.14662791813527,1151.5178164326471
2024-09-24,841.5050823422716,515.2469920932434,1184.3878219058508
2024-09-25,807.6386652023554,476.4359116846177,1132.0767469316675
2024-09-26,844.0690724330246,495.4642857096399,1168.2718598215824
2024-09-27,777.8872770802193,424.3862249277819,1083.6301851126261
2024-09-28,772.0735455301373,436.9309210963207,1091.7967999618468
2024-09-29,788.7167346816641,466.8440968139339,1103.405950334507
2024-09-30,751.4697284149153,415.9854565928159,1065.9314565162326
2024-10-01,755.8970970853082,408.559029876461,1066.880075364143
2024-10-02,718.5918144121467,377.4566146107465,1038.2503785638378
2024-10-03,753.442337029457,400.9158167325972,1074.9533659769172
2024-10-04,687.5801031133831,346.8310347394824,1011.8832461471078
2024-10-05,683.9838117591468,369.78878628676375,991.9728028064249
2024-10-06,704.6988131536538,402.7932721514313,1024.4715014471492
2024-10-07,673.2936140109528,316.3094227335827,985.2198222438069
2024-10-08,685.209552237421,359.58791508724136,1016.6998629253591
2024-10-09,656.8804228565399,312.9617538040324,967.9790852787529
2024-10-10,702.0032869776907,361.09966336263636,1011.9382434289664
2024-10-11,647.490427539565,305.61402452320146,994.8943256101367
2024-10-12,656.078704041108,310.3585914582512,992.5552835820787
2024-10-13,689.5545128495855,350.26080761874715,1033.6910034658129
2024-10-14,671.2162232316771,340.4141389214565,997.4524192173487
2024-10-15,696.2300012493379,340.2274161837,1050.906317820994
2024-10-16,680.7556577131027,366.01871040111746,1012.3408506244824
2024-10-17,738.2236057213561,398.2104636094917,1061.7699301137886
2024-10-18,695.2927483714426,361.59474232997746,1039.1884178643616
2024-10-19,714.4654122556573,398.3966818573693,1029.7197958788627
2024-10-20,757.3174065078587,426.23448595797447,1089.5327425461487
2024-10-21,746.9649634390119,431.1585923922452,1086.321950813563
2024-10-22,778.4243741402443,414.43675114056117,1085.3702792679035
2024-10-23,767.7408739888675,414.95983293883967,1102.7990341559218
2024-10-24,828.2678016049184,522.9166083255558,1167.9634521507662
2024-10-25,786.6258103626413,454.38250031181593,1097.0625900218663
2024-10-26,805.318227825032,489.3553234106179,1116.984677180922
2024-10-27,845.9606440482817,507.26675106618137,1172.9607817415254
2024-10-28,831.7465070865959,503.1425677552224,1147.4999884152426
2024-10-29,857.8045816185896,531.1160393522522,1184.4404216504215
2024-10-30,840.3248871337245,528.8999420846985,1166.092874081638
2024-10-31,892.834217904295,544.1295543237889,1238.1888924716682
2024-11-01,842.1511175712479,526.9612761577328,1172.0451148244053
2024-11-02,850.9965099888352,496.8514652795455,1185.0738807328835
2024-11-03,881.2181833729127,561.4004540907894,1209.496925399747
2024-11-04,856.2510290682382,517.9936523201635,1179.5047955670639
2024-11-05,871.4690176707363,551.178295883414,1201.1980355795329
2024-11-06,843.3056565258627,505.86123729920854,1166.3861994308518
2024-11-07,885.524156108756,590.1257251469337,1208.7665754320803
2024-11-08,825.1672981809589,502.11164248095906,1157.1763400948328
2024-11-09,825.163319462895,476.2923087644464,1143.0249749380275
2024-11-10,847.5461094994408,528.0319009506834,1172.561458442738
2024-11-11,815.9117129916284,496.10503311400856,1147.1534483880216
2024-11-12,825.7671937984285,502.144473235187,1167.5202195707193
2024-11-13,793.648663115241,452.73256991287707,1149.6396279213868
2024-11-14,833.3897408380186,528.3319048006854,1155.808716485906
2024-11-15,772.070466890818,415.0820814357833,1077.9916664728437
2024-11-16,772.6229823703491,473.08351036374444,1103.0890420336157
2024-11-17,797.0522677792752,459.3884418053074,1114.6214743020214
2024-11-18,768.8939003820869,444.19735691904106,1105.3995013545095
2024-11-19,783.5648438637935,448.0435422275034,1091.1585575578874
2024-11-20,757.4840144214876,433.9133031241779,1110.5439613589072
2024-11-21,804.3438212711686,475.0172862587448,1121.7120978054138
2024-11-22,751.0626166670155,435.86887896330916,1095.8017051324987
2024-11-23,760.3942851184976,433.3682882185529,1119.1455002982252
2024-11-24,794.1531627634694,475.4139664616743,1115.2018670719024
2024-11-25,775.6761488565003,457.1747868371434,1103.0232237574694
2024-11-26,800.1779211733821,468.55113032624865,1135.6715950662697
2024-11-27,783.8758991437915,451.097051977465,1123.9462303051262
2024-11-28,840.2660557514248,515.5601842550379,1157.1476112920877
2024-11-29,796.079421865951,474.3958527750478,1127.3573241221234
2024-11-30,813.8954287361943,478.9841260145002,1169.0773952647019
2024-12-01,855.3702048180265,559.4760001433829,1190.3829574323659
2024-12-02,843.7016247533509,527.2229789699662,1161.8588173410171
2024-12-03,873.9869699221302,540.6472985188382,1197.1645846585752
2024-12-04,862.3498046202402,574.5150698434782,1204.8253663408964
2024-12-05,922.2171422556471,597.9849043397948,1233.5588403486406
2024-12-06,880.2767318904682,547.182769834134,1233.837330319928
2024-12-07,899.0906106872199,586.0356406611518,1236.1170792148105
2024-12-08,940.3230510026824,594.0303132286735,1264.496863798679
2024-12-09,927.2047245342314,587.1097438999062,1246.6322705788973
2024-12-10,954.8889785711677,615.0840009868261,1269.991817899376
2024-12-11,939.5768739069679,598.9046035835667,1271.1125540238943
2024-12-12,994.7921127764587,672.9938973773523,1325.2242434463228
2024-12-13,947.3357480988716,628.9266278687759,1275.117747941035
2024-12-14,959.8968858821376,589.4476146145718,1281.1630853678425
2024-12-15,994.2775795068461,685.2738205733876,1352.375450789731
2024-12-16,973.8538102463096,656.1280767048924,1280.833577071726
2024-12-17,993.9285213540102,678.2397145375144,1343.324623693294
2024-12-18,970.8534262415882,645.5101659754569,1306.743871742224
2024-12-19,1018.3007873027179,707.9127718980561,1342.8238415532005
2024-12-20,963.2151206573183,652.5212433357719,1333.56024678128
2024-12-21,968.4210972723909,613.2012341107445,1299.7995731180986
2024-12-22,995.8458913159691,652.9176849484401,1355.6077497336819
2024-12-23,968.9779149327475,632.335092090207,1283.7302067346743
2024-12-24,983.2179436237641,644.638129473059,1301.2035472585044
2024-12-25,954.9993811833561,644.650133446066,1282.1152385627029
2024-12-26,998.0588805020413,657.1255436128635,1297.389499050094
2024-12-27,939.3872865437178,592.0513034099151,1285.4564262994024
2024-12-28,941.8371743991203,614.5079866797793,1259.136535087418
2024-12-29,967.3452274636197,617.6019670245829,1284.7237570959862
2024-12-30,939.3913813181814,612.7722270675456,1245.4822161530667
2024-12-31,953.3507167169474,615.6345425155768,1272.7969960055088
2025-01-01,925.614823413178,583.011979649048,1247.47084905192
2025-01-02,969.8638182810975,643.3944318677699,1291.1274783876804
2025-01-03,913.018946475792,602.995592949802,1238.6866688477471
2025-01-04,917.8519971758293,558.6094009364072,1227.6571543136272
2025-01-05,946.2097347814173,614.48923887223,1272.035200361786
2025-01-06,921.4752251261048,608.424660460455,1254.7030035529096
2025-01-07,938.921993178808,589.9850688857632,1299.4790568954768
2025-01-08,914.83768705999,586.2780463895671,1250.345834807985
2025-01-09,962.7983858075219,632.3790549726352,1283.1926439405622
2025-01-10,909.623435284847,586.1761546798995,1239.3498091257686
2025-01-11,917.9870018552236,565.7860349309296,1244.3827242962882
2025-01-12,949.6445058167026,649.6930428804716,1288.8199832622204
2025-01-13,927.8957789172972,601.8483482518895,1271.0271877342968
2025-01-14,947.9408512633241,611.4127718508703,1273.8126719949998
2025-01-15,926.0050157723193,603.6861831870423,1240.5883187483485
2025-01-16,975.6142856885148,638.9036682101752,1311.2648089784284
2025-01-17,923.551112618401,601.943028135933,1245.4840428235125
2025-01-18,932.4665428639896,601.3666675567688,1250.4116379681875
2025-01-19,964.1069673504577,639.8228911729566,1292.8272216960909
2025-01-20,941.7773078663237,612.8605040833145,1248.161229570486
2025-01-21,960.6965483665911,624.0021453500293,1286.8401931755513
2025-01-22,937.122267752576,631.2484795764123,1254.2599080993373
2025-01-23,984.6253025658326,652.1120755231733,1308.6276079853953
2025-01-24,930.044424331501,606.6416289753644,1262.0421705142774
2025-01-25,936.0972306524627,596.0290009388619,1255.2109420898837
2025-01-26,964.6054303607106,622.7694269364855,1285.9293106739708
2025-01-27,938.9563937380312,606.7765928419901,1277.0269801257336
2025-01-28,954.4569076824496,629.6908773317825,1277.9984353698158
2025-01-29,927.4558257339377,622.7779502501484,1256.4084508150522
2025-01-30,971.6167767490118,650.7611264731956,1257.5616481109512
2025-01-31,913.8708536393175,589.006911221263,1243.7169732392213
2025-02-01,917.0255187169055,580.6485838548799,1240.2884375075525
2025-02-02,942.9879435842582,627.7788180693273,1257.1153042487736
2025-02-03,915.224691792286,596.7337138297398,1236.6886675422415
2025-02-04,929.1137203444953,606.2941743833815,1241.9292040902753
2025-02-05,901.0654245275778,581.8019944333113,1223.8634209185304
2025-02-06,944.7939221882754,600.8400565110906,1285.9373931876473
2025-02-07,887.2685283669749,557.4056726626803,1214.5930087692418
2025-02-08,891.321682921968,572.6485712564331,1229.669553161888
2025-02-09,918.8715712130755,584.6222729212132,1253.0161314580264
2025-02-10,893.3813637593981,571.631021527443,1223.6934200355554
2025-02-11,910.211063732555,566.9981387918608,1245.6136972416984
2025-02-12,885.7386942781519,530.4726874594235,1191.0605974117013
2025-02-13,933.6320237287791,593.3879320040685,1263.2452140922596
2025-02-14,880.8007757666871,547.1394825910147,1195.4338688131847
2025-02-15,890.005577433165,556.4639920743083,1214.3592033400082
2025-02-16,923.0818694150954,571.0789105891932,1251.206889006577
2025-02-17,903.4006831149737,603.3705642870844,1231.7277384253762
2025-02-18,926.2222464049058,586.9586228736013,1266.1950052766385
2025-02-19,907.8191179382497,594.2022835199073,1246.7569785280602
2025-02-20,961.7500112552639,648.7657224192008,1308.1817298446795
2025-02-21,914.8142148468031,585.977117183394,1267.3813319083627
2025-02-22,929.6628168091855,595.196841537726,1286.5074567334486
2025-02-23,968.0249117421993,645.3255134790232,1298.8268476105998
2025-02-24,953.1706459778973,610.0240097070679,1284.2253795926438
2025-02-25,980.2670140370938,665.6559547465289,1329.0142312581668
2025-02-26,965.5030575821023,638.7301305542061,1292.8214343672455
2025-02-27,1022.3655810267193,718.6759929969428,1383.3279762170987
2025-02-28,977.59524548884,590.1880743062189,1300.72207708644
2025-03-01,993.7992089211788,660.6972666639147,1294.453235709475
2025-03-02,1032.6784539783357,718.6790920723256,1359.9503440293995
2025-03-03,1017.4916292973568,693.8361314797336,1327.6553010302782
2025-03-04,1043.411293199172,713.8462359086346,1364.404351703671
2025-03-05,1026.6491944827417,692.2967538607288,1372.9408945413436
2025-03-06,1080.7316957404971,765.3094427644796,1393.9479425002892
2025-03-07,1032.4552004547063,708.1023547356368,1363.0491268016915
2025-03-08,1044.497759831621,728.2580757120921,1386.2355802639802
2025-03-09,1078.6450176475582,756.7934896799718,1429.8938320641316
2025-03-10,1058.2523439387476,741.0877310496103,1386.300717737874
2025-03-11,1078.59907975486,735.3109606117259,1404.2404727394537
2025-03-12,1056.0115683613915,713.052036020002,1397.4665598808654
2025-03-13,1104.1361257293674,759.5839236874958,1463.22260940277
2025-03-14,1049.8918647342184,698.6842195388618,1412.8827062110438
2025-03-15,1056.0796067841093,724.5020257489706,1394.0844228793433
2025-03-16,1084.6051002377487,750.0206685567952,1419.7846233286912
2025-03-17,1058.9384594475011,719.0891759284007,1378.489681795329
2025-03-18,1074.4658100945182,749.5357275810321,1405.989881080642
2025-03-19,1047.6098785216614,716.2763200020958,1377.4977142166729
2025-03-20,1092.1007375918016,731.7596612495729,1405.9209270038364
2025-03-21,1034.9266789838778,698.236472769359,1360.2852585428516
2025-03-22,1038.9414955116306,693.5279527996729,1341.3711732660288
2025-03-23,1066.0864357048806,742.9086786003944,1404.9010512541959
2025-03-24,1039.848779184379,720.2435197705062,1360.1303316665255
2025-03-25,1055.6130439761928,744.6933826929305,1375.6001983251797
2025-03-26,1029.7815789397348,708.744088189975,1354.7976244973386
2025-03-27,1076.0457586982407,753.7474720020873,1401.3962576288973
2025-03-28,1021.3377449426742,711.42968218953,1363.5691603601115
2025-03-29,1028.4390806957247,706.9404703945928,1377.210415381692
2025-03-30,1059.2043520633742,711.0865708312185,1359.835259927313
2025-03-31,1037.0218280937122,721.6751031399579,1359.524486701547
2025-04-01,1057.1670425752634,700.7841278229399,1396.4200697152983
2025-04-02,1035.926015280389,694.9477903047365,1387.6608337759737
2025-04-03,1086.869267301958,750.8008991295972,1401.5241495563141
2025-04-04,1036.8065260426977,704.5015849755158,1387.3758361602831
2025-04-05,1048.398314216096,701.9828258559023,1393.5934692408225
2025-04-06,1083.3825830448675,724.6957693941316,1401.454560655704
2025-04-07,1065.0382257024607,777.2485706621812,1402.2477674963773
2025-04-08,1088.541361934655,755.5365131169651,1404.4683435337572
2025-04-09,1070.0910220652863,739.3536881492986,1381.0115637536126
2025-04-10,1123.1853211644127,772.4320319158797,1452.405645195182
2025-04-11,1074.577962224684,747.3697948975374,1404.5216536605828
2025-04-12,1086.891214720168,731.6027666617754,1387.9654703739654
2025-04-13,1121.8434908307272,778.1681944748253,1434.104888154406
2025-04-14,1102.7133286704754,747.9687176812245,1413.6599633920905
2025-04-15,1124.6956587776947,809.5384930298507,1459.1337293243166
2025-04-16,1104.0269799426935,774.6210758581741,1417.4680410570566
2025-04-17,1154.260545773974,825.8556702486114,1493.673786891007
2025-04-18,1102.221424078022,763.5116199125158,1458.497285257785
2025-04-19,1110.6176107959634,787.4159062187694,1463.3641134116474
2025-04-20,1141.2653674700744,818.8423058899532,1460.354179564904
2025-04-21,1117.550648476789,810.4569840887492,1425.8214206735195
2025-04-22,1134.7825599872874,783.2751965516047,1463.9068953561025
2025-04-23,1109.3155495629208,785.0251093264144,1452.8357578843054
2025-04-24,1154.8215058903484,845.2251382603594,1465.004392414791
2025-04-25,1098.2417120630284,761.321560383947,1439.3810850541408
2025-04-26,1102.3949165616727,760.1922323909141,1433.912448023233
2025-04-27,1129.199772197874,799.458561708408,1450.08508863944
2025-04-28,1102.1335872311656,751.6084934910051,1455.3329364403396
2025-04-29,1116.583403139646,797.3138205819943,1459.018297169892
2025-04-30,1088.966163023951,755.0356132129707,1417.0267478739802
2025-05-01,1132.9992059265744,819.0632160296781,1471.6418455373125
2025-05-02,1075.6510753814607,759.4038144005941,1398.01057551682
2025-05-03,1079.7489390546086,752.499891833692,1413.597878717355
2025-05-04,1107.2008892599288,787.4429591037496,1450.8416699022916
2025-05-05,1081.4550742399294,723.9525051687343,1406.673822245663
2025-05-06,1097.8516662585828,782.364335427414,1425.3436558461967
2025-05-07,1072.7444080397395,748.5505751580121,1406.7582672479364
2025-05-08,1119.7729368759171,797.2576709892094,1431.5924004987194
2025-05-09,1065.8158261121673,731.2593677664313,1393.3992310863819
2025-05-10,1073.6005808344294,729.4541774060617,1393.919222377486
2025-05-11,1104.9287876348412,793.1741729961316,1451.7520723806176
2025-05-12,1083.1382904045913,757.6815406333927,1426.1887329503909
2025-05-13,1103.4583142934348,780.7710398300716,1424.1719104480328
2025-05-14,1082.1341917702919,741.7419401127587,1409.8686954499724
2025-05-15,1132.702801206267,814.702813272801,1442.7764096805988
2025-05-16,1081.9485699163713,756.7809467807251,1414.1738387848313
2025-05-17,1092.5161943078604,752.4241504865364,1417.490931943527
2025-05-18,1126.1381987745804,798.2873096174691,1432.7477295087015
2025-05-19,1106.0991352334481,792.9224628135058,1433.1433695788382
2025-05-20,1127.5922855856074,826.914871783701,1454.5968392252794
2025-05-21,1106.8454731451654,779.6062882512643,1437.073508964786
2025-05-22,1157.397058968624,842.3286906198416,1498.9611455178042
2025-05-23,1106.05195503546,776.4563767168889,1440.8362205501949
2025-05-24,1115.4938021363203,798.5924627578876,1465.6902456221326
2025-05-25,1147.5114448019046,808.5791391485817,1478.1448932835247
2025-05-26,1125.461531192354,787.684543792647,1441.5465793562923
2025-05-27,1144.6231410302948,830.6982816658756,1476.7531620584082
2025-05-28,1121.3211021905126,808.2549586933542,1435.7948030596647
2025-05-29,1169.1991388512033,851.5473967642729,1503.8255855430796
2025-05-30,1115.1727607883536,792.5468340069847,1450.262068478143
2025-05-31,1122.0381278944615,783.0625015371954,1460.000030697663
2025-06-01,1151.6951147739292,793.9661739269774,1452.0442200809964
2025-06-02,1127.6064996070922,802.1051133834699,1462.4550924825862
2025-06-03,1145.1492777717785,814.1098384263593,1491.8313136998058
2025-06-04,1120.7348566370856,787.6125370648637,1454.1591661405128
2025-06-05,1168.0793659625162,814.448689301089,1483.1868486747987
2025-06-06,1114.1540781095498,781.0778421170713,1444.2532700555726
2025-06-07,1121.7922474559628,794.7211411886757,1436.9366008984048
2025-06-08,1152.9106576189513,828.9781034574396,1473.9909981927026
2025-06-09,1130.9678509925072,822.9347751101045,1435.0097478974105
2025-06-10,1151.3150763709382,840.0736370112737,1493.06722213495
2025-06-11,1130.3167301939905,818.8683097904403,1438.2993140093688
2025-06-12,1181.6215280519934,874.4714871328473,1507.4795067571854
2025-06-13,1132.1143857047534,795.9376531878105,1460.9467478361357
2025-06-14,1144.5252870844554,808.4916341666346,1459.755211208281
2025-06-15,1180.6533796912886,848.0196806480442,1497.1018166707797
2025-06-16,1163.8282085451729,819.2947032472795,1483.3313621860261
2025-06-17,1189.2640475589276,862.7213619832172,1537.1509856950556
2025-06-18,1173.1840153431008,855.0606055527182,1511.1915601027868
2025-06-19,1229.0951142646243,894.6465942640278,1545.161935158391
2025-06-20,1183.7440674808602,861.2236279863683,1513.0183140307508
2025-06-21,1199.7301229798427,859.1449892231313,1528.6084454901954
2025-06-22,1238.7329556359646,932.7792745087032,1561.7164417571532
2025-06-23,1223.9774710868035,898.939115716429,1550.4426284114677
2025-06-24,1250.5913679572,933.7697695319353,1596.4123979764931
2025-06-25,1234.7320510110778,905.8841177558642,1562.284356233659
2025-06-26,1289.8639502105507,946.9111429732618,1600.836210400025
2025-06-27,1242.7160495925414,930.3672965937052,1574.0580859585014
2025-06-28,1255.895739309318,934.8204775853822,1609.829228478411
2025-06-29,1291.1170830016297,990.5430424724824,1621.7087565201905
2025-06-30,1271.6652835777197,942.2645838174019,1590.017485209241
2025-07-01,1292.7532020893398,954.4666256310226,1633.2372827298614
2025-07-02,1270.6465396367228,949.7930714741781,1626.5483546652804
2025-07-03,1318.9387735625698,996.4372298427076,1641.5690494634307
2025-07-04,1264.5057063149648,922.3616065221299,1605.6710885590285
2025-07-05,1270.115811704896,940.1544271145855,1601.437859506843
2025-07-06,1297.654557292616,969.1961432835502,1633.5060494706836
2025-07-07,1270.5845855478308,942.9639158616765,1596.4516294843238
2025-07-08,1284.297718519166,937.7035475026299,1606.4555241578253
2025-07-09,1255.2355135882556,908.8658890579932,1597.8818657760378
2025-07-10,1297.159583746107,936.644014784635,1631.541112989543
2025-07-11,1237.1016642031323,926.5319404416546,1550.532494505082
2025-07-12,1237.969731459895,919.1137968138967,1547.7228614365038
2025-07-13,1261.7684696269769,913.5895785703565,1595.0397578606148
2025-07-14,1232.0560741829117,894.3530015153165,1572.207499164332
2025-07-15,1244.2934539347812,924.9550955074147,1572.9049836491577
2025-07-16,1214.9626405918466,874.8284485833849,1544.1943155399283
2025-07-17,1257.8356846563618,923.6930438996982,1594.8216609612498
2025-07-18,1199.9240662394106,857.7370162691639,1535.0065825675224
2025-07-19,1204.0849537918552,852.5639022874841,1531.2681790647616
2025-07-20,1232.2426115551798,872.7179682163676,1537.4877401402373
2025-07-21,1207.8469307018559,892.1381381455093,1520.5652359803196
2025-07-22,1226.225108690787,896.7397250037927,1551.1163410655233
2025-07-23,1203.7032297072642,892.7822945403365,1546.2278761911975
2025-07-24,1253.8789493953707,941.7354009445227,1572.118408712497
2025-07-25,1203.5752198295233,847.2690149048408,1547.0084566034052
2025-07-26,1215.4512802093577,888.8459772933587,1558.4333297530734
2025-07-27,1251.2290944255908,915.1231700912579,1592.5851772644826
2025-07-28,1234.1570817413267,911.0414024160305,1562.68701233088
2025-07-29,1259.3670306187516,945.9979357551464,1607.7157416459406
2025-07-30,1243.0008118365174,892.8483291382654,1565.2313317360072
2025-07-31,1298.4879587125076,968.5610974435416,1635.8693298388425
2025-08-01,1252.5039199352086,918.3178795875239,1579.515102010205
2025-08-02,1267.5850884550978,960.4402728345495,1585.7872652496899
2025-08-03,1305.3586772688623,995.8992139422747,1634.264878077942
2025-08-04,1289.0091927345127,958.0732390556916,1620.934713771875
2025-08-05,1313.6373171869598,962.2311267319635,1646.1764133164145
2025-08-06,1295.3877582943414,977.2294997887415,1635.7227528188505
2025-08-07,1347.727095494272,1017.6420310524547,1668.774036332263
2025-08-08,1297.4014139389533,956.7813857596129,1617.4764393709836
2025-08-09,1307.0498372756242,962.9193031574878,1646.0719610362387
2025-08-10,1338.4320608961639,999.8195262679319,1659.88682947208
2025-08-11,1314.8916893721016,1010.1934699985704,1641.4193700377284
2025-08-12,1331.7112639944728,1010.9348392733898,1640.3451975103933
2025-08-13,1305.2356312567754,981.6474800464547,1634.5441830860213
2025-08-14,1349.144793010775,1022.402073852131,1671.821789583431
2025-08-15,1290.4061532985388,942.1774543393618,1616.8735024777272
2025-08-16,1291.882408836932,967.2800147354249,1604.927609370111
2025-08-17,1315.5533280262696,1000.3053994005571,1640.1916416755516
2025-08-18,1284.9733693829924,980.7495597393753,1602.2079832423217
2025-08-19,1295.6211726244467,985.086995684905,1621.316647683722
2025-08-20,1264.0177168842683,918.7063220437201,1580.6956436435726
2025-08-21,1303.994423002462,992.3981423496692,1630.8620678326379
2025-08-22,1242.6412401356463,913.0656268915591,1591.5083184492694
2025-08-23,1242.911074621597,933.7420589077227,1553.2855451694327
2025-08-24,1266.8388997288084,937.9726381528427,1584.7528232132877
2025-08-25,1237.997571216535,911.8451985865148,1555.9656983823947
2025-08-26,1251.8464342574985,937.0457523686368,1575.0012435661656
2025-08-27,1224.849545350364,880.3937668762651,1570.0090051287762
2025-08-28,1270.7447912953385,942.2578160631869,1595.9175014207397
2025-08-29,1216.49392635388,890.7500077554462,1541.240108676475
2025-08-30,1224.889842532837,888.0576166454758,1552.9529170987844
2025-08-31,1257.7793457622352,930.4299411885645,1612.0277598743753
2025-09-01,1238.5233757738074,934.945995801696,1566.5332081267575
2025-09-02,1262.3506489834376,946.5369396969595,1627.626547677339
2025-09-03,1245.4814252888127,927.7453926913169,1569.3976303077743
2025-09-04,1301.4025447365896,955.6260430071934,1621.7350351328867
2025-09-05,1256.8236090752403,924.9607118946809,1587.9733719105477
2025-09-06,1274.2904707429236,943.4960878356258,1602.205988406362
2025-09-07,1315.4141472124493,993.3053630017454,1647.1999177873531
2025-09-08,1303.3369451400886,967.9893652835588,1608.7570226691453
2025-09-09,1333.091625603084,1017.9189115247656,1672.5270156594738
2025-09-10,1320.7301724435902,1005.0893722103892,1642.601334090399
2025-09-11,1379.6031833988704,1058.5717892383493,1714.7662067164665
2025-09-12,1336.3196486014951,1023.9922750096599,1658.0046579787618
2025-09-13,1353.363187189173,1006.5456727268286,1696.4338040482753
2025-09-14,1392.322789105228,1079.798785298244,1731.7149565118189
2025-09-15,1376.3597984283729,1033.0099943366058,1711.890194828094
2025-09-16,1400.56694539826,1085.232047323246,1743.3015219743636
2025-09-17,1381.0959895852386,1075.959133188257,1702.4032110219161
2025-09-18,1431.4350188885705,1082.3923362335004,1744.4710674625644
2025-09-19,1378.365217867501,1063.2137482397804,1713.1073137334522
2025-09-20,1384.573247750873,1064.2686721242048,1739.219028847644
2025-09-21,1411.877377686816,1097.372093026974,1734.8123294419026
2025-09-22,1383.689214602613,1067.9570395742599,1728.166315798821
2025-09-23,1395.3669656198208,1071.075154129621,1722.613343368808
2025-09-24,1363.336934835049,1003.4132955488034,1686.6962482508507
2025-09-25,1401.3644475963943,1059.4934411446097,1739.4584064364446
2025-09-26,1336.5041696194462,1015.8753552015919,1667.8421909904087
2025-09-27,1331.7061186837273,983.0412498274877,1653.5543298354544
2025-09-28,1349.0356615936776,1012.1188789681597,1652.6740187152304
2025-09-29,1312.1294908238272,992.2392635284889,1635.6018693015305
2025-09-30,1316.54365219078,976.2290469916985,1641.8819983952353
2025-10-01,1278.8704497384729,949.1072050676938,1619.5244083885195
2025-10-02,1313.0055293288547,968.7989480030543,1649.7407517497313
2025-10-03,1246.095198030397,933.9830324961986,1568.279461985474
2025-10-04,1241.1403460798338,909.3412994041086,1601.74337010583
2025-10-05,1260.2153108213222,934.8536756917508,1606.604558900912
2025-10-06,1226.92370045058,880.5665511690046,1548.9638591014298
2025-10-07,1236.747248545557,914.9108214354912,1579.3628298128597
2025-10-08,1206.164501616624,877.1658425718402,1546.308939646484
2025-10-09,1248.920594361377,944.6116703203968,1573.160814185929
2025-10-10,1191.978101350596,869.1416587133091,1512.2005186792503
2025-10-11,1198.1252438348129,883.4086786601472,1526.1986517737314
2025-10-12,1229.1996855548743,911.0539345394711,1570.557117445435
2025-10-13,1208.5498151518973,853.0252319861254,1521.1894910556798
2025-10-14,1231.3894542393566,898.7504001294403,1558.4258257488839
2025-10-15,1213.9226531023237,868.0342731930302,1545.8554672226394
2025-10-16,1269.6196835366823,937.3850102081486,1574.4909144740197
2025-10-17,1225.1740710724118,870.0938034935684,1541.706574912463
2025-10-18,1243.116801015954,930.7366656414013,1592.9232930564492
2025-10-19,1285.0457936537778,946.2149524500304,1603.2594098051075
2025-10-20,1274.0924166445031,895.5363869510196,1617.3585658522175
2025-10-21,1305.2808561329418,976.560785312477,1629.5324064394706
2025-10-22,1294.656905713531,967.822248561654,1630.639777054295
2025-10-23,1355.567196950091,1048.070917005364,1697.2821450729962
2025-10-24,1314.6186467563766,975.3227386576369,1621.0206425155955
2025-10-25,1334.2942093785005,1002.2224462627775,1649.7114960801978
2025-10-26,1376.1830027256374,1050.0060587831144,1694.2181886555227
2025-10-27,1363.4465729170258,1054.813092000561,1706.7369305385841
2025-10-28,1391.1771356436877,1063.708339473052,1719.1999104642537
2025-10-29,1375.5243910655295,1046.3200357569615,1704.252552682163
2025-10-30,1429.9719928580878,1108.4153803533363,1771.5538426106061
2025-10-31,1381.2935212864484,1060.199112475876,1711.0283747378185
2025-11-01,1392.1641382280418,1052.3799875696322,1705.4025986341228
2025-11-02,1424.3860972803275,1088.611142550889,1745.187118533564
2025-11-03,1401.3499867320868,1071.4646673853917,1721.0496502740575
2025-11-04,1418.3876655387933,1100.0303876788785,1755.6802214924994
2025-11-05,1391.8936151760354,1090.1327819617868,1745.9100707717773
2025-11-06,1435.5959156567633,1100.4025307780314,1761.6311482366493
2025-11-07,1376.5068217307605,1041.2632498006371,1683.4435332521653
2025-11-08,1377.5292388229843,1064.5269943670294,1689.193134058002
2025-11-09,1400.677386178736,1061.4431404014856,1717.6911638279648
2025-11-10,1369.5336294580834,1043.3252715054302,1711.3730946429587
2025-11-11,1379.5975352424666,1066.9555546933352,1704.8240747760242
2025-11-12,1347.4039485566184,1023.4996499772903,1693.3754449832393
2025-11-13,1386.7913643001289,1057.500729058396,1692.37228221661
2025-11-14,1324.850614420393,996.2228489266653,1652.8445364014256
2025-11-15,1324.5301987099128,966.3275157812756,1641.4306745187541
2025-11-16,1347.8565572400123,1018.9056226214261,1687.7160767288235
2025-11-17,1318.3912596057853,996.0013806457005,1637.6701620158638
2025-11-18,1331.5811393238191,1021.6042215814484,1678.0854343328967
2025-11-19,1303.8781342931186,974.8610091837409,1629.8389252869597
2025-11-20,1349.010049271876,1027.7923274861055,1697.0375800202103
2025-11-21,1293.9321941633423,970.4779228357104,1626.8060369531463
2025-11-22,1301.4361467768135,954.1504110603664,1640.6125829126133
2025-11-23,1333.3738498214368,1020.4582706420595,1678.7709600003805
2025-11-24,1313.1189222982684,979.2306051313235,1643.267438775828
2025-11-25,1335.9211142776628,1010.4438276988238,1674.9463597443419
2025-11-26,1318.0305646902787,968.1497679345542,1619.6978417366242
2025-11-27,1372.97297727796,1032.835269022314,1701.4848463215762
2025-11-28,1327.5055705072234,1005.2749547579211,1660.235509323043
2025-11-29,1344.2299571083809,1018.6940446616152,1680.2004765550582
2025-11-30,1384.820076999168,1034.5854053930796,1687.226288303988
2025-12-01,1372.4869865393116,1048.0247156118173,1705.8293203219616
2025-12-02,1402.336366175508,1075.8566172967132,1712.1111486797674
2025-12-03,1390.4953506975119,1050.6852777708975,1682.1058583246045
2025-12-04,1450.389754276241,1114.7024690691824,1781.5407710924846
2025-12-05,1408.701516130735,1072.680562808291,1742.0517744857173
2025-12-06,1427.9825058235438,1117.516462667384,1768.5206142042468
2025-12-07,1469.8828085111338,1102.056153395244,1791.2502253278208
2025-12-08,1457.6153025364813,1135.0797820801695,1775.104574884229
2025-12-09,1486.3124130867473,1150.1241474278982,1811.6980642030662
2025-12-10,1472.1516791144966,1141.5862825450401,1815.9335900275153
2025-12-11,1528.6312488470694,1196.2445166090615,1865.043040954479
2025-12-12,1482.5251817232918,1134.0010428343955,1804.3711973617362
2025-12-13,1496.49475511631,1169.6573010471827,1836.8887000127756
2025-12-14,1532.313961282396,1189.847344291646,1845.7679345731292
2025-12-15,1513.331076136107,1190.4669634646689,1853.8345456570291
2025-12-16,1534.8222551979152,1187.1095839692903,1853.041371764116
2025-12-17,1513.1138662520311,1193.1481227092922,1858.1911603488552
2025-12-18,1561.8547454896097,1229.970550278124,1917.3441211889944
2025-12-19,1507.9683239910876,1182.4400814276553,1818.8176477445204
2025-12-20,1514.2608880725563,1211.010710563188,1833.0077064787843
2025-12-21,1542.6442189897402,1224.0095575156474,1886.8455296811892
2025-12-22,1516.594547445801,1186.8954846246163,1867.5431139402
2025-12-23,1531.5038249699578,1216.2361829986849,1874.1807980207009
2025-12-24,1503.800060610011,1168.770027347288,1822.394299733716
2025-12-25,1547.2179402730967,1217.0461345517856,1870.4164003054336
2025-12-26,1488.7496975099446,1181.8930180481066,1827.9447757483083
2025-12-27,1491.2525124674094,1174.5370910300476,1824.46863215133
2025-12-28,1516.6706890824792,1169.3588784949434,1855.6719398737691
2025-12-29,1488.4945421696498,1144.7926745157872,1823.8645577091097
2025-12-30,1502.1119847640125,1182.3473482135296,1804.6771454451305
2025-12-31,1473.929545111118,1157.2714338508388,1785.4362799855617
